{
  "type": "Topology",
  "arcs": [
    [
      [
        202406,
        5348
      ],
      [
        -26,
        -3
      ],
      [
        9,
        -93
      ],
      [
        -7,
        -80
      ],
      [
        -26,
        -47
      ],
      [
        -37,
        -40
      ],
      [
        -119,
        -77
      ],
      [
        -41,
        -62
      ],
      [
        -20,
        -39
      ],
      [
        -5,
        -79
      ],
      [
        20,
        -129
      ],
      [
        -9,
        -58
      ],
      [
        -63,
        -109
      ],
      [
        15,
        -68
      ],
      [
        -1,
        -50
      ],
      [
        -9,
        -47
      ],
      [
        -18,
        -46
      ],
      [
        1,
        -47
      ],
      [
        15,
        -53
      ],
      [
        22,
        -53
      ]
    ]
  ],
  "transform": {
    "scale": [
      0.0011011497838993559,
      0.00047889752865899033
    ],
    "translate": [
      -180,
      41.188865661621094
    ]
  }
}
